﻿<?xml version="1.0" encoding="utf-8"?>
<doc>
    <assembly>
        <name>SolidEdge.Community.Reader</name>
    </assembly>
    <members>
        <member name="T:SolidEdgeCommunity.Reader.Assembly.AssemblyDocument">
            <summary>
            Solid Edge Assembly Document (.asm)
            </summary>
        </member>
        <member name="T:SolidEdgeCommunity.Reader.Assembly.FamilyOfAssembliesDocument">
            <summary>
            Solid Edge Family of Assemblies Document (.asm)
            </summary>
        </member>
        <member name="T:SolidEdgeCommunity.Reader.Assembly.SynchronousAssemblyDocument">
            <summary>
            Solid Edge Synchronous Assembly Document (.asm)
            </summary>
        </member>
        <member name="T:SolidEdgeCommunity.Reader.CLSID">
            <summary>
            Class IDs
            </summary>
        </member>
        <member name="T:SolidEdgeCommunity.Reader.FMTID">
            <summary>
            Format identifiers
            </summary>
        </member>
        <member name="T:SolidEdgeCommunity.Reader.ExtendedSummaryInformationConstants">
            <summary>
            Property IDs for the ExtendedSummaryInformation Property Set.
            </summary>
        </member>
        <member name="T:SolidEdgeCommunity.Reader.MechanicalModelingConstants">
            <summary>
            Property IDs for the MechanicalModeling Property Set.
            </summary>
        </member>
        <member name="T:SolidEdgeCommunity.Reader.ProjectInformationConstants">
            <summary>
            Property IDs for the ProjectInformation Property Set.
            </summary>
        </member>
        <member name="M:SolidEdgeCommunity.Reader.DibToBitmap.Convert(System.IntPtr)">
            <summary>
            Convert DIB to Bitmap.
            </summary>
            <param name="dibPtrArg">Pointer to memory DIB, starting with BITMAPINFOHEADER.</param>
            <returns>A Bitmap</returns>
        </member>
        <member name="T:SolidEdgeCommunity.Reader.Draft.DraftDocument">
            <summary>
            Solid Edge Draft Document (.dft)
            </summary>
        </member>
        <member name="M:SolidEdgeCommunity.Reader.Draft.Sheet.GetHENHMETAFILE">
            <summary>
            Returns an IntPtr of type HENHMETAFILE by calling SetEnhMetaFileBits().
            </summary>
            <remarks>
            The returned handle must be freed using DeleteEnhMetaFile() either directly or indirectly or you will leak memory.
            </remarks>
        </member>
        <member name="M:SolidEdgeCommunity.Reader.Draft.Sheet.GetMetafile">
            <summary>
            Returns a System.Drawing.Imaging.Metafile.
            </summary>
            <remarks>
            Be sure to Dispose() the returned metafile when it is no longer needed or you will leak memory.
            </remarks>
        </member>
        <member name="M:SolidEdgeCommunity.Reader.Draft.Sheet.GetMetafileBytes">
            <summary>
            Returns a byte array containing the EMF data.
            </summary>
            <returns />
        </member>
        <member name="M:SolidEdgeCommunity.Reader.Draft.Sheet.SaveAsEmf(System.String)">
            <summary>
            Writes the EMF bytes directly to a file.
            </summary>
            <param name="path" />
        </member>
        <member name="T:SolidEdgeCommunity.Reader.InsightConnect.MarkupDocument">
            <summary>
            Insight Connect Markup Document (.pcf)
            </summary>
        </member>
        <member name="M:SolidEdgeCommunity.Reader.MethodExtensions.ReadGuid(System.IO.MemoryStream)">
            <summary>
            Reads the next 16 bytes into a Guid.
            </summary>
        </member>
        <member name="M:SolidEdgeCommunity.Reader.MethodExtensions.ReadDouble(System.IO.MemoryStream)">
            <summary>
            Reads the next sizeof(double) bytes into a double.
            </summary>
        </member>
        <member name="M:SolidEdgeCommunity.Reader.MethodExtensions.ReadInt16(System.IO.MemoryStream)">
            <summary>
            Reads the next sizeof(short) bytes into a short.
            </summary>
        </member>
        <member name="M:SolidEdgeCommunity.Reader.MethodExtensions.ReadInt32(System.IO.MemoryStream)">
            <summary>
            Reads the next sizeof(int) bytes into a int.
            </summary>
        </member>
        <member name="M:SolidEdgeCommunity.Reader.MethodExtensions.ReadInt64(System.IO.MemoryStream)">
            <summary>
            Reads the next sizeof(long) bytes into a long.
            </summary>
        </member>
        <member name="M:SolidEdgeCommunity.Reader.MethodExtensions.ReadString(System.IO.MemoryStream,System.Text.Encoding)">
            <summary>
            Assumes the length is defined in the next 4 bytes.
            </summary>
        </member>
        <member name="M:SolidEdgeCommunity.Reader.MethodExtensions.ReadVersion(System.IO.MemoryStream)">
            <summary>
            Reads the next 4 bytes into a Version.
            </summary>
        </member>
        <member name="T:SolidEdgeCommunity.Reader.Native.BI">
            <summary>
            Constants for the BITMAPINFOHEADER biCompression field.
            </summary>
        </member>
        <member name="T:SolidEdgeCommunity.Reader.Native.CBM">
            <summary>
            Constants for CreateDIBitmap
            </summary>
        </member>
        <member name="F:SolidEdgeCommunity.Reader.Native.CBM.INIT">
            <summary>
            initialize bitmap
            </summary>
        </member>
        <member name="T:SolidEdgeCommunity.Reader.Native.CF">
            <summary>
            Predefined Clipboard Formats
            </summary>
        </member>
        <member name="T:SolidEdgeCommunity.Reader.Native.DIB">
            <summary>
            DIB color table identifiers
            </summary>
        </member>
        <member name="F:SolidEdgeCommunity.Reader.Native.DIB.RGB_COLORS">
            <summary>
            color table in RGBs
            </summary>
        </member>
        <member name="F:SolidEdgeCommunity.Reader.Native.DIB.PAL_COLORS">
            <summary>
            color table in palette indices
            </summary>
        </member>
        <member name="T:SolidEdgeCommunity.Reader.Native.PIDDI">
            <summary>
            Property IDs for the DiscardableInformation Property Set.
            </summary>
        </member>
        <member name="F:SolidEdgeCommunity.Reader.Native.PIDDI.THUMBNAIL">
            <summary>
            VT_BLOB
            </summary>
        </member>
        <member name="T:SolidEdgeCommunity.Reader.Native.PIDSI">
            <summary>
            Property IDs for the SummaryInformation Property Set.
            </summary>
        </member>
        <member name="F:SolidEdgeCommunity.Reader.Native.PIDSI.TITLE">
            <summary>VT_LPSTR</summary>
        </member>
        <member name="F:SolidEdgeCommunity.Reader.Native.PIDSI.SUBJECT">
            <summary>VT_LPSTR</summary>
        </member>
        <member name="F:SolidEdgeCommunity.Reader.Native.PIDSI.AUTHOR">
            <summary>VT_LPSTR</summary>
        </member>
        <member name="F:SolidEdgeCommunity.Reader.Native.PIDSI.KEYWORDS">
            <summary>VT_LPSTR</summary>
        </member>
        <member name="F:SolidEdgeCommunity.Reader.Native.PIDSI.COMMENTS">
            <summary>VT_LPSTR</summary>
        </member>
        <member name="F:SolidEdgeCommunity.Reader.Native.PIDSI.TEMPLATE">
            <summary>VT_LPSTR</summary>
        </member>
        <member name="F:SolidEdgeCommunity.Reader.Native.PIDSI.LASTAUTHOR">
            <summary>VT_LPSTR</summary>
        </member>
        <member name="F:SolidEdgeCommunity.Reader.Native.PIDSI.REVNUMBER">
            <summary>VT_LPSTR</summary>
        </member>
        <member name="F:SolidEdgeCommunity.Reader.Native.PIDSI.EDITTIME">
            <summary>VT_FILETIME (UTC)</summary>
        </member>
        <member name="F:SolidEdgeCommunity.Reader.Native.PIDSI.LASTPRINTED">
            <summary>VT_FILETIME (UTC)</summary>
        </member>
        <member name="F:SolidEdgeCommunity.Reader.Native.PIDSI.CREATE_DTM">
            <summary>VT_FILETIME (UTC)</summary>
        </member>
        <member name="F:SolidEdgeCommunity.Reader.Native.PIDSI.LASTSAVE_DTM">
            <summary>VT_FILETIME (UTC)</summary>
        </member>
        <member name="F:SolidEdgeCommunity.Reader.Native.PIDSI.PAGECOUNT">
            <summary>VT_I4</summary>
        </member>
        <member name="F:SolidEdgeCommunity.Reader.Native.PIDSI.WORDCOUNT">
            <summary>VT_I4</summary>
        </member>
        <member name="F:SolidEdgeCommunity.Reader.Native.PIDSI.CHARCOUNT">
            <summary>VT_I4</summary>
        </member>
        <member name="F:SolidEdgeCommunity.Reader.Native.PIDSI.THUMBNAIL">
            <summary>VT_CF</summary>
        </member>
        <member name="F:SolidEdgeCommunity.Reader.Native.PIDSI.APPNAME">
            <summary>VT_LPSTR</summary>
        </member>
        <member name="F:SolidEdgeCommunity.Reader.Native.PIDSI.DOC_SECURITY">
            <summary>VT_I4</summary>
        </member>
        <member name="T:SolidEdgeCommunity.Reader.Native.PIDDSI">
            <summary>
            Property IDs for the DocSummaryInformation Property Set
            </summary>
        </member>
        <member name="F:SolidEdgeCommunity.Reader.Native.PIDDSI.CATEGORY">
            <summary>VT_LPSTR</summary>
        </member>
        <member name="F:SolidEdgeCommunity.Reader.Native.PIDDSI.PRESFORMAT">
            <summary>VT_LPSTR</summary>
        </member>
        <member name="F:SolidEdgeCommunity.Reader.Native.PIDDSI.BYTECOUNT">
            <summary>VT_I4</summary>
        </member>
        <member name="F:SolidEdgeCommunity.Reader.Native.PIDDSI.LINECOUNT">
            <summary>VT_I4</summary>
        </member>
        <member name="F:SolidEdgeCommunity.Reader.Native.PIDDSI.PARCOUNT">
            <summary>VT_I4</summary>
        </member>
        <member name="F:SolidEdgeCommunity.Reader.Native.PIDDSI.SLIDECOUNT">
            <summary>VT_I4</summary>
        </member>
        <member name="F:SolidEdgeCommunity.Reader.Native.PIDDSI.NOTECOUNT">
            <summary>VT_I4</summary>
        </member>
        <member name="F:SolidEdgeCommunity.Reader.Native.PIDDSI.HIDDENCOUNT">
            <summary>VT_I4</summary>
        </member>
        <member name="F:SolidEdgeCommunity.Reader.Native.PIDDSI.MMCLIPCOUNT">
            <summary>VT_I4</summary>
        </member>
        <member name="F:SolidEdgeCommunity.Reader.Native.PIDDSI.SCALE">
            <summary>VT_BOOL</summary>
        </member>
        <member name="F:SolidEdgeCommunity.Reader.Native.PIDDSI.HEADINGPAIR">
            <summary>VT_VARIANT | VT_VECTOR</summary>
        </member>
        <member name="F:SolidEdgeCommunity.Reader.Native.PIDDSI.DOCPARTS">
            <summary>VT_LPSTR | VT_VECTOR</summary>
        </member>
        <member name="F:SolidEdgeCommunity.Reader.Native.PIDDSI.MANAGER">
            <summary>VT_LPSTR</summary>
        </member>
        <member name="F:SolidEdgeCommunity.Reader.Native.PIDDSI.COMPANY">
            <summary>VT_LPSTR</summary>
        </member>
        <member name="F:SolidEdgeCommunity.Reader.Native.PIDDSI.LINKSDIRTY">
            <summary>VT_BOOL</summary>
        </member>
        <member name="M:SolidEdgeCommunity.Reader.Native.IUnknownHelper.QueryInterfaces(System.Object)">
            <summary>
            Returns an array of Guids by QueryInterface()'ing all IIDs known to this system.
            </summary>
        </member>
        <member name="T:SolidEdgeCommunity.Reader.Native.PROPVARIANT">
            <summary>
            Represents the OLE struct PROPVARIANT.
            </summary>
            <remarks>
            Must call Clear when finished to avoid memory leaks. If you get the value of
            a VT_UNKNOWN prop, an implicit AddRef is called, thus your reference will
            be active even after the PropVariant struct is cleared.
            </remarks>
        </member>
        <member name="M:SolidEdgeCommunity.Reader.Native.PROPVARIANT.GetDataBytes">
            <summary>
            Gets a byte array containing the data bits of the struct.
            </summary>
            <returns>A byte array that is the combined size of the data bits.</returns>
        </member>
        <member name="M:SolidEdgeCommunity.Reader.Native.PROPVARIANT.Clear">
            <summary>
            Called to clear the PropVariant's referenced and local memory.
            </summary>
            <remarks>
            You must call Clear to avoid memory leaks.
            </remarks>
        </member>
        <member name="P:SolidEdgeCommunity.Reader.Native.PROPVARIANT.Type">
            <summary>
            Gets the variant type.
            </summary>
        </member>
        <member name="P:SolidEdgeCommunity.Reader.Native.PROPVARIANT.Value">
            <summary>
            Gets the variant value.
            </summary>
        </member>
        <member name="T:SolidEdgeCommunity.Reader.Part.PartDocument">
            <summary>
            Solid Edge Part Document (.par)
            </summary>
        </member>
        <member name="T:SolidEdgeCommunity.Reader.Part.SheetMetalDocument">
            <summary>
            Solid Edge Sheet Metal Document (.psm)
            </summary>
        </member>
        <member name="T:SolidEdgeCommunity.Reader.Part.SynchronousPartDocument">
            <summary>
            Solid Edge Synchronous Part Document (.par)
            </summary>
        </member>
        <member name="T:SolidEdgeCommunity.Reader.Part.SynchronousSheetMetalDocument">
            <summary>
            Solid Edge Synchronous Sheet Metal Document (.psm)
            </summary>
        </member>
        <member name="T:SolidEdgeCommunity.Reader.Part.WeldmentDocument">
            <summary>
            Solid Edge Weldment Document (.pwd)
            </summary>
        </member>
        <member name="P:SolidEdgeCommunity.Reader.SolidEdgeDocument.CreatedVersion">
            <summary />
        </member>
        <member name="P:SolidEdgeCommunity.Reader.SolidEdgeDocument.DocumentType">
            <summary />
        </member>
        <member name="P:SolidEdgeCommunity.Reader.SolidEdgeDocument.LastSavedVersion">
            <summary />
        </member>
        <member name="P:SolidEdgeCommunity.Reader.SolidEdgeDocument.Status">
            <summary />
        </member>
        <member name="P:SolidEdgeCommunity.Reader.SolidEdgeDocument.ExtendedSummaryInformation">
            <summary />
        </member>
        <member name="P:SolidEdgeCommunity.Reader.SolidEdgeDocument.MechanicalModeling">
            <summary />
        </member>
        <member name="P:SolidEdgeCommunity.Reader.SolidEdgeDocument.ProjectInformation">
            <summary />
        </member>
    </members>
</doc>